Aapo Tahkola <aet@rasterburn.org> <aapo@aapo-desktop.(none)>

Adam Jackson <ajax@redhat.com> <ajax@benzedrine.nwnk.net>
Adam Jackson <ajax@redhat.com> <ajax@freedesktop.org>

Adrian Marius Negreanu <adrian.m.negreanu@intel.com> Adrian Negreanu <adrian.m.negreanu@intel.com>
Adrian Marius Negreanu <adrian.m.negreanu@intel.com> Negreanu Marius Adrian <adrian.m.negreanu@intel.com>

Dave Airlie <airlied@redhat.com> <airliedfreedesktop.org>
Dave Airlie <airlied@redhat.com> airlied <airlied@unused-12-215.bne.redhat.com>
Dave Airlie <airlied@redhat.com> <airlied@dhcp-1-203.bne.redhat.com>
Dave Airlie <airlied@redhat.com> <airlied@gmail.com>
Dave Airlie <airlied@redhat.com> <airlied@itt42.(none)>
Dave Airlie <airlied@redhat.com> <airlied@linux.ie>
Dave Airlie <airlied@redhat.com> <airlied@nx6125b.(none)>
Dave Airlie <airlied@redhat.com> <airlied@panoply-rh.(none)>
Dave Airlie <airlied@redhat.com> <airlied@ppcg5.localdomain>

Alan Coopersmith <alan.coopersmith@oracle.com> <alan.coopersmith@sun.com>

Alan Hourihane <alanh@vmware.com> <alanh@tungstengraphics.com>
Alan Hourihane <alanh@vmware.com> <alanh@fairlite.demon.co.uk>
Alan Hourihane <alanh@vmware.com> <alanh@jetpack.(none)>

Alexander Monakov <amonakov@gmail.com> <amonakov@ispras.ru>

Alexander von Gluck IV <kallisti5@unixzen.com> Alexander von Gluck <kallisti5@unixzen.com>

Alex Corscadden <alexc@vmware.com> <alexc@alexc-dev1.prom.eng.vmware.com>
Alex Corscadden <alexc@vmware.com> <alexc@alexc-dev1.vmware.com>

Alex Deucher <alexdeucher@gmail.com> <alexander.deucher@amd.com>
Alex Deucher <alexdeucher@gmail.com> <agd5f@yahoo.com>
Alex Deucher <alexdeucher@gmail.com> <alex@botch2.com>
Alex Deucher <alexdeucher@gmail.com> <alex@botch2.(none)>
Alex Deucher <alexdeucher@gmail.com> <alex@cube.(none)>
Alex Deucher <alexdeucher@gmail.com> <alex@samba.(none)>

Andreas Fänger <a.faenger@e-sign.com> <a.faenger@e-sign.com>

Andreas Hartmetz <ahartmetz@gmail.com> <andreas.hartmetz@kdab.com>

Andre Heider <a.heider@gmail.com>
Andreas Heider <andreas@heider.io>

Andreas Pokorny <andreas.pokorny@canonical.com> <andreas.pokorny@elektrobit.com>

Andrew Randrianasulu <randrianasulu@gmail.com> <randrik_a@yahoo.com>
Andrew Randrianasulu <randrianasulu@gmail.com> <randrik@mail.ru>

Arthur Huillet <arthur.huillet@free.fr> Arthur HUILLET <arthur.huillet@free.fr>

Benjamin Franzke <benjaminfranzke@googlemail.com> ben <benjaminfranzke@googlemail.com>

Ben Skeggs <bskeggs@redhat.com> <darktama@beleth.(none)>
Ben Skeggs <bskeggs@redhat.com> <darktama@iinet.net.au>
Ben Skeggs <bskeggs@redhat.com> <darktama@nisroch.keine.ath.cx>
Ben Skeggs <bskeggs@redhat.com> <skeggsb-at-gmail.com>
Ben Skeggs <bskeggs@redhat.com> <skeggsb@gmail.com>
Ben Skeggs <bskeggs@redhat.com> <skeggsb@localhost.localdomain>
Ben Skeggs <bskeggs@redhat.com> <skeggsb@nisroch.keine.ath.cx>

Ben Widawsky <benjamin.widawsky@intel.com> Ben Widawsky <ben@bwidawsk.net>

Blair Sadewitz <blair.sadewitz@gmail.com> Blair Sadewitz <blair.sadewitz.gmail.com>

Boris Peterbarg <reist@users.sourceforge.net> reist <reist>

Brian Paul <brianp@vmware.com> Brian <brian.paul@tungstengraphics.com>
Brian Paul <brianp@vmware.com> <brian.paul@tungstengraphics.com>
Brian Paul <brianp@vmware.com> <brian.e.paul@gmail.com>
Brian Paul <brianp@vmware.com> <brianp@kemper.freedesktop.org>
Brian Paul <brianp@vmware.com> brian <brian@cvp965.(none)>
Brian Paul <brianp@vmware.com> Brian <brian@i915.localnet.net>
Brian Paul <brianp@vmware.com> Brian <brian@nostromo.localnet.net>
Brian Paul <brianp@vmware.com> Brian <brian@poulsbo.localnet.net>
Brian Paul <brianp@vmware.com> Brian <brian@ps3.localnet.net>
Brian Paul <brianp@vmware.com> Brian <brianp@vmware.com>
Brian Paul <brianp@vmware.com> Brian <brian@yutani.localnet.net>
Brian Paul <brianp@vmware.com> root <brian.paul@tungstengraphics.com>
Brian Paul <brianp@vmware.com> root <root@i915.localnet.net>
Brian Paul <brianp@vmware.com> root <root@nostromo.localnet.net>
Brian Paul <brianp@vmware.com> root <root@i965.localnet.net>

Bruce Merry <bmerry@users.sourceforge.net> <bmerry@gmail.com>

Carl-Philip Hänsch <cphaensch@googlemail.com> Carl-Philip Haensch <s3734770@mail.zih.tu-dresden.de>
Carl-Philip Hänsch <cphaensch@googlemail.com> Carl-Philip Haensch <carli@carli-laptop.(none)>
Carl-Philip Hänsch <cphaensch@googlemail.com> Carl-Philip Haensch <Carl-Philip.Haensch@mailbox.tu-dresden.de>

Chad Versace <chadversary@chromium.org> <chad@kiwitree.net>
Chad Versace <chadversary@chromium.org> <chad@chad-versace.us>
Chad Versace <chadversary@chromium.org> <Chad Versace chad@chad-versace.us>
Chad Versace <chadversary@chromium.org> <chad.versace@intel.com>
Chad Versace <chadversary@chromium.org> <chad.versace@linux.intel.com>

Chia-I Wu <olvaffe@gmail.com> <olv@lunarg.com>
Chia-I Wu <olvaffe@gmail.com> Chia-Wu <olvaffe@gmail.com>

Chih-Wei Huang <cwhuang@linux.org.tw> Chih-Wei Huang <cwhuang@android-x86.org>

Christian König <christian.koenig@amd.com> Christian Koenig <christian.koenig@amd.com>
Christian König <christian.koenig@amd.com> Christian König <christian.koenig at amd.com>
Christian König <christian.koenig@amd.com> Christian König <deathsimple@vodafone.de>

Christoph Brill <egore911@egore911.de> Christoph Bill <egore@gmx.de>
Christoph Brill <egore911@egore911.de> <egore@gmx.de>

Christoph Bumiller <christoph.bumiller@speed.at> <e0425955@student.tuwien.ac.at>

Christopher James Halse Rogers <christopher.halse.rogers@canonical.com> Christopher James Halse Rogers <raof@ubuntu.com>

Claudio Ciccani <klan@directfb.org> <klan@users.sf.net>
Claudio Ciccani <klan@directfb.org> <klan@users.sourceforge.net>

Connor Abbott <cwabbott0@gmail.com> <connor.w.abbott@intel.com>
Connor Abbott <cwabbott0@gmail.com> <connor.abbott@intel.com>

Corbin Simpson <MostAwesomeDude@gmail.com> <mostawesomed...@gmail.com>
Corbin Simpson <MostAwesomeDude@gmail.com> <mostawesomedude@gmail.com>

Courtney Goeltzenleuchter <courtney@lunarg.com> <courtney@LunarG.com>

Daniel Skinner <sio@users.sourceforge.net> sio <sio>

Daniel Stone <daniels@collabora.com> <daniel@fooishbar.org>

David Miller <davem@davemloft.net> David S. Miller <davem@davemloft.net>
David Miller <davem@davemloft.net> Dave Miller <davem@davemloft.net>
David Miller <davem@davemloft.net> davem69 <davem69>

David Heidelberg <david@ixit.cz> David Heidelberger <david.heidelberger@ixit.cz>
David Heidelberg <david@ixit.cz> <d.okias@gmail.com>

David Reveman <reveman@chromium.org> <c99drn@cs.umu.se>

Dieter Nützel <Dieter@nuetzel-hh.de> Dieter Nützel <dieter@nuetzel-hh.de>

Dmitry Cherkassov <dcherkassov@gmail.com> Dmitry Cherkasov <dcherkassov@gmail.com>

Dylan Baker <dylanx.c.baker@intel.com> <baker.dylan.c@gmail.com>

Edward O'Callaghan <funfunctor@folklore1984.net> <eocallaghan@alterapraxis.com>

Emeric Grange <emeric.grange@gmail.com> Emeric <emeric.grange@gmail.com>

Emil Velikov <emil.l.velikov@gmail.com> <emil.velikov@collabora.com>
Emil Velikov <emil.l.velikov@gmail.com> <emil.veliko@collabora.com>
Emil Velikov <emil.l.velikov@gmail.com> <emil.velikov@collabora.co.uk>
Emil Velikov <emil.l.velikov@gmail.com> <emil.veliikov@collabora.com>
Emil Velikov <emil.l.velikov@gmail.com> <emil.velikov@gmail.com>
Emil Velikov <emil.l.velikov@gmail.com> <emmil.velikov@collabora.com>

Eric Anholt <eric@anholt.net> Eric Anholt <anholt@FreeBSD.org>

Eric Engestrom <eric@engestrom.ch> <eric.engestrom@imgtec.com>

Eugeni Dodonov <eugeni.dodonov@intel.com> <eugeni@mandriva.com>

Fabian Bieler <der.fabe@gmx.net> <fabianbieler@fastmail.fm>
Fabian Bieler <der.fabe@gmx.net> <&lt;der.fabe@gmx.net&gt>

Feng, Haitao <haitao.feng@intel.com> Haitao Feng <haitao.feng@intel.com>

Frank Henigman <fjhenigman@google.com> <fjhenigman@chromium.org>

George Sapountzis <gsapountzis@gmail.com> George Sapountzis <gsap7@yahoo.gr>

Gwenole Beauchesne <gwenole.beauchesne@intel.com> <gb.devel@gmail.com>

Hamish Marson <hmarson@users.sourceforge.net> hmarson <hmarson>

Hans de Goede <hdegoede@redhat.com> Hans de Goede <j.w..r..degoede@hhs.nl>

Homer Hsing <dongsheng.xing@intel.com> <homer.hsing@gmail.com>

Hui Qi Tay <hqtay@vmware.com> <tayhuiqithq@gmail.com>

Ian Romanick <ian.d.romanick@intel.com> <idr@freedesktop.org>
Ian Romanick <ian.d.romanick@intel.com> <idr@us.ibm.com>

Jakob Bornecrantz <wallbraker@gmail.com> <jakob@vmware.com>
Jakob Bornecrantz <wallbraker@gmail.com> <jakob@aurora.(none)>
Jakob Bornecrantz <wallbraker@gmail.com> <jakob@aurora.walkyrie.se>
Jakob Bornecrantz <wallbraker@gmail.com> <jakob@tungstengraphics.com>
Jakob Bornecrantz <wallbraker@gmail.com> <wallbraker 'at' gmail 'dot' com>

Jakub Bogusz <qboosh@pld-linux.org> <gboosh@pld-linux.org>

James Legg <jlegg@feralinteractive.com> <lankyleggy@gmail.com>

Jan Vesely <jano.vesely@gmail.com> Jan Vesely <jan.vesely@rutgers.edu>

Jason Ekstrand <jason@jlekstrand.net> <jason.ekstrand@intel.com>

Jeremy Huddleston <jeremyhu@apple.com> <jeremyhu@freedesktop.org>
Jeremy Huddleston <jeremyhu@apple.com> <jeremy@tifa.local>
Jeremy Huddleston <jeremyhu@apple.com> <jeremy@vincent.local>
Jeremy Huddleston <jeremyhu@apple.com> <jeremy@yuffie.local>
Jeremy Huddleston <jeremyhu@apple.com> Jeremy Huddleston Sequoia <jeremyhu@apple.com>

Jeremy Kolb <jkolb@freedesktop.org> <jkolb@brandeis.edu>

Jerome Glisse <jglisse@redhat.com> <glisse@freedesktop.org>
Jerome Glisse <jglisse@redhat.com> <glisse@kemper.freedesktop.org>
Jerome Glisse <jglisse@redhat.com> John Doe <glisse@barney.(none)>
Jerome Glisse <jglisse@redhat.com> John Doe <glisse@localhost.localdomain>

Jesse Barnes <jesse.barnes@intel.com> <jbarnes@hobbes.lan>
Jesse Barnes <jesse.barnes@intel.com> <jbarnes@hobbes.(none)>
Jesse Barnes <jesse.barnes@intel.com> <jbarnes@jbarnes-desktop.localdomain>
Jesse Barnes <jesse.barnes@intel.com> <jbarnes@jbarnes-t61.(none)>
Jesse Barnes <jesse.barnes@intel.com> <jbarnes@virtuousgeek.org>

Joakim Sindholt <bacn@zhasha.com> <opensource@zhasha.com>
Joakim Sindholt <bacn@zhasha.com> <zhasha@gallium-dev.(none)>

Jochen Gerlach <jtg@users.sourceforge.net> jtg <jtg>

Joel Bosveld <joel.bosveld@gmail.com> <Joel.Bosveld@gmail.com>

Jonathan Adamczewski <jadamcze@utas.edu.au> <jadamcze@utas.edu.a>

Jon Turney <jon.turney@dronecode.org.uk> Jon TURNEY <jon.turney@dronecode.org.uk>

José Fonseca <jfonseca@vmware.com> Jose Fonseca <jfonseca@vmware.com>
José Fonseca <jfonseca@vmware.com> Jose Fonseca <jrfonseca@tungstengraphics.com>
José Fonseca <jfonseca@vmware.com> <jfonseca@pegasus.(none)>
José Fonseca <jfonseca@vmware.com> <jfonseca@titan.(none)>
José Fonseca <jfonseca@vmware.com> <jose.r.fonseca@gmail.com>
José Fonseca <jfonseca@vmware.com> <jrfonseca@tungstengraphics.com>
José Fonseca <jfonseca@vmware.com> <j_r_fonseca@yahoo.co.uk>

Jouk Jansen <joukj@hrem.nano.tudelft.nl> Jouk Jansen <jouk@hrem.nano.tudelft.nl>
Jouk Jansen <joukj@hrem.nano.tudelft.nl> Jouk Jansen <joukj@hrem.stm.tudelft.nl>
Jouk Jansen <joukj@hrem.nano.tudelft.nl> joukj <joukj@tarantella.(none)>
Jouk Jansen <joukj@hrem.nano.tudelft.nl> Jouk <joukj@tarantella.nano.tudelft.nl>
Jouk Jansen <joukj@hrem.nano.tudelft.nl> Jouk <joukj@tarantella.(none)>
Jouk Jansen <joukj@hrem.nano.tudelft.nl> J.Jansen <joukj@tarantella.nano.tudelft.nl>

Juan Zhao <juan.j.zhao@intel.com> <juan.j.zhao@linux.intel.com>

Julien Cristau <jcristau@debian.org> <julien.cristau@logilab.fr>

Julien Isorce <j.isorce@samsung.com> <julien.isorce@gmail.com>

Kalyan Kondapally <kalyan.kondapally@intel.com> <kondapallykalyancontribute@gmail.com>

Karl Schultz <karl.w.schultz@gmail.com> Karl Schultze <k.w.schultz@comcast.net>
Karl Schultz <karl.w.schultz@gmail.com> unknown <kwschult@.na.qualcomm.com>
Karl Schultz <karl.w.schultz@gmail.com> <k.w.schultz@comcast.net>
Karl Schultz <karl.w.schultz@gmail.com> <Karl.W.Schultz@gmail.com>
Karl Schultz <karl.w.schultz@gmail.com> <kschultz@freedesktop.org>

Keith Harrison <sio2@users.sourceforge.net> sio2 <sio2>

Keith Packard <keithp@keithp.com> <keithp@koto.keithp.com>
Keith Packard <keithp@keithp.com> <keithp@neko.keithp.com>

Keith Whitwell <keithw@vmware.com> <keith@tungstengraphics.com>
Keith Whitwell <keithw@vmware.com> keithw <keithw@keithw-laptop.(none)>

Kristian Høgsberg <krh@bitplanet.net> <krh@redhat.com>
Kristian Høgsberg <krh@bitplanet.net> <krh@hinata.boston.redhat.com>
Kristian Høgsberg <krh@bitplanet.net> <krh@sasori.boston.redhat.com>
Kristian Høgsberg <krh@bitplanet.net> <krh@temari.boston.redhat.com>
Kristian Høgsberg <krh@bitplanet.net> <kristian.h.kristensen@intel.com>
Kristian Høgsberg <krh@bitplanet.net> <hoegsberg@chromium.org>
Kristian Høgsberg <krh@bitplanet.net> <hoegsberg@google.com>
Kristian Høgsberg <krh@bitplanet.net> <hoegsberg@gmail.com>

Krzesimir Nowak <qdlacz@gmail.com> <krzesimir@kinvolk.io>

Li Peng <peng.li@intel.com> <peng.li@linux.intel.com>

Lucas Stach <dev@lynxeye.de> <l.stach@pengutronix.de>

Maarten Lankhorst <maarten.lankhorst@ubuntu.com> <dev@mblankhorst.nl>
Maarten Lankhorst <maarten.lankhorst@ubuntu.com> <m.b.lankhorst@gmail.com>
Maarten Lankhorst <maarten.lankhorst@ubuntu.com> <maarten.lankhorst@canonical.com>

Maciej Cencora <m.cencora@gmail.com> <maciej@osiris.(none)>

Marc-André Lureau <marcandre.lureau@gmail.com> Marc-Andre Lureau <marcandre.lureau@gmail.com>

Marc Dietrich <marvin24@gmx.de> Marc <marvin24@gmx.de>
Marc Dietrich <marvin24@gmx.de> marvin24 <marvin24@gmx.de>

Marcin Ślusarz <marcin.slusarz@gmail.com> Marcin Slusarz <marcin.slusarz@gmail.com>

Marek Olšák <maraeo@gmail.com> <marek.olsak@amd.com>

Mario Kleiner <mario.kleiner.de@gmail.com> kleinerm <mario.kleiner@tuebingen.mpg.de>
Mario Kleiner <mario.kleiner.de@gmail.com> <mario.kleiner@tuebingen.mpg.de>

Mark Mueller <markkmueller@gmail.com> <MarkKMueller@gmail.com>

Marta Lofstedt <marta.lofstedt@intel.com> <marta.lofstedt@linux.intel.com>

Martin Peres <martin.peres@linux.intel.com> <martin.peres@labri.fr>

Mathias Fröhlich <mathias.froehlich@gmx.net> Mathias Froehlich <Mathias.Froehlich@gmx.net>
Mathias Fröhlich <mathias.froehlich@gmx.net> Mathias Froehlich <Mathias.Froehlich@web.de>
Mathias Fröhlich <mathias.froehlich@gmx.net> Mathias Frohlich <M.Froehlich@science-computing.de>
Mathias Fröhlich <mathias.froehlich@gmx.net> <frohlich8@users.sourceforge.net>
Mathias Fröhlich <mathias.froehlich@gmx.net> <Mathias.Froehlich@gmx.net>
Mathias Fröhlich <mathias.froehlich@gmx.net> <Mathias.Froehlich@web.de>
Mathias Fröhlich <mathias.froehlich@gmx.net> M.Froehlich@science-computing.de <M.Froehlich@science-computing.de>

Matthew W. S. Bell <matthew@bells23.org.uk> Matthew Bell <matthew@bells23.org.uk>

Maxence Le Doré <maxence.ledore@gmail.com> Maxence Le Dore <maxence.ledore@gmail.com>

Micah Fedke <micah.fedke@collabora.co.uk> <M.Fedke@Astronautics.com>

Michal Krol <michal@vmware.com> <michal@tungstengraphics.com>
Michal Krol <michal@vmware.com> Michal Krol <michal@ubuntu-vbox.(none)>
Michal Krol <michal@vmware.com> Michal Krol <mjkrol@gmail.org>
Michal Krol <michal@vmware.com> michal <michal@capacitor.(none)>
Michal Krol <michal@vmware.com> michal <michal@michal-laptop.(none)>
Michal Krol <michal@vmware.com> michal <michal@quad.(none)>
Michal Krol <michal@vmware.com> michal <michal@transistor.(none)>
Michal Krol <michal@vmware.com> Michal <michal@tungstengraphics.com>
Michal Krol <michal@vmware.com> michal <michal@wmvare.com>

Michel Dänzer <michel@daenzer.net> <michel.daenzer@amd.com>
Michel Dänzer <michel@daenzer.net> <daenzer@vmware.com>
Michel Dänzer <michel@daenzer.net> <michel@tungstengraphics.com>
Michel Dänzer <michel@daenzer.net> Michel Daenzer <michel.daenzer@amd.com>
Michel Dänzer <michel@daenzer.net> Michel Daenzer <daenzer@localhost.(none)>

Mike Kaplinskiy <mike.kaplinskiy@gmail.com> Mike Kaplinksiy <mike.kaplinskiy@gmail.com>
Mike Kaplinskiy <mike.kaplinskiy@gmail.com> <mike.kaplinskiy@gmai.com>

Mike Stroyan <mike@lunarg.com> <mike@LunarG.com>

Nian Wu <nian.wu@intel.com> <nian@graphics.(none)>
Nian Wu <nian.wu@intel.com> <nian@tinderbox.sh.intel.com>

Nick Bowler <nbowler@draconx.ca>

Nick Sarnie <commendsarnex@gmail.com>

Nicolai Hähnle <nicolai.haehnle@amd.com> <nhaehnle@gmail.com>
Nicolai Hähnle <nicolai.haehnle@amd.com> Nicolai Haehnle <nhaehnle@gmail.com>
Nicolai Hähnle <nicolai.haehnle@amd.com> Nicolai Haehnle <prefect_@gmx.net>
Nicolai Hähnle <nicolai.haehnle@amd.com> Nicolai Haehnle <prefect@upb.de>

Nigel Stewart <nigels@users.sourceforge.net> <nigels@sourceforge.net>
Nigel Stewart <nigels@users.sourceforge.net> <nstewart@nvidia.com>

nobled <nobled@dreamwidth.org> <nobled2@nobled2-karmic.(none)>

Oliver McFadden <oliver.mcfadden@linux.intel.com> <z3ro.geek@gmail.com>

Owain Ainsworth <zerooa@googlemail.com> Owain G. Ainsworth <oga@openbsd.org>

Owen W. Taylor <otaylor@fishsoup.net> Owen Taylor <otaylor@snell.localdomain>

Patrice Mandin <patmandin@gmail.com> <patrice@manoir.racoon.city>
Patrice Mandin <patmandin@gmail.com> <pmandin@caramail.com>
Patrice Mandin <patmandin@gmail.com> <pmandin@freedesktop.org>

Pauli Nieminen <pauli.nieminen@linux.intel.com> <suokkos@gmail.com>

Paulo Zanoni <paulo.r.zanoni@intel.com> Paulo Zanoni <pzanoni@mandriva.com>

Paul Seidler <sepek@exherbo.org> Paul Seidler <pl.seidler@googlemail.com>

Pekka Paalanen <pekka.paalanen@collabora.co.uk> <ppaalanen@gmail.com>
Pekka Paalanen <pekka.paalanen@collabora.co.uk> <pq@iki.fi>

Peter Hutterer <peter.hutterer@who-t.net> <peter@cs.unisa.edu.au>

Pierre-Eric Pelloux-Prayer <pelloux@gmail.com> pepp <pelloux@gmail.com>

Pierre Willenbrock <pierre@pirsoft.de> Pierre Willenbrok <pierre@pirsoft.de>

Quentin Glidic <sardemff7+git@sardemff7.net> <sardemff7@sardemff7.net>

RALOVICH, Kristóf <tade60@freemail.hu> <kristof.ralovich@gmail.com>

Richard Li <richardradeon@gmail.com> <RichardZ.Li@amd.com>
# The next ones are not 100% sure
Richard Li <richardradeon@gmail.com> richard <richard@richard-desktop3.(none)>
Richard Li <richardradeon@gmail.com> richard <richard@richard-desktop.(none)>
Richard Li <richardradeon@gmail.com> root <root@richard-desktop.(none)>

Richard Sandiford <rsandifo@linux.vnet.ibm.com> <r.sandiford@uk.ibm.com>

Rob Clark <robclark@freedesktop.org> <Rob Clark robdclark@freedesktop.org>
Rob Clark <robclark@freedesktop.org> <robdclark@gmail.com>

Robert Bragg <robert@sixbynine.org> <robert@linux.intel.com>

Robert Ellison <papillo@vmware.com> <papillo@i965-laptop.(none)>
Robert Ellison <papillo@vmware.com> <papillo@tungstengraphics.com>

Robert Hooker <sarvatt@ubuntu.com> <robert.hooker@canonical.com>

Roland Scheidegger <sroland@vmware.com> <rscheidegger@gmx.ch>
Roland Scheidegger <sroland@vmware.com> <sroland@tungstengraphics.com>

Roy Spliet <rspliet@eclipso.eu> <r.spliet@student.tudelft.nl>

Rune Petersen <rune@megahurts.dk> Rune Peterson <rune@megahurts.dk>

Ryan Houdek <sonicadvance1@gmail.com> <Sonicadvance1@gmail.com>

Sam Hocevar <sam@hocevar.net> Sam Hocevar <sam@zoy.org>

Samuel Iglesias Gonsálvez <siglesias@igalia.com> Samuel Iglesias Gonsalvez <siglesias@igalia.com>

Sean D'Epagnier <sean@depagnier.com> <geckosenator@freedesktop.org>

Serge Martin <edb+mesa@sigluy.net> Serge Martin (EdB) <edb+mesa@sigluy.net>
Serge Martin <edb+mesa@sigluy.net> EdB <edb+mesa@sigluy.net>

Sinclair Yeh <syeh@vmware.com> <sinclair.yeh@intel.com>

Stefan Brüns <stefan.bruens@rwth-aachen.de> <Stefan.Bruens@rwth-aachen.de>

Stéphane Marchesin <marcheu@chromium.org> Stephane Marchesin <marchesin@icps.u-strasbg.fr>
Stéphane Marchesin <marcheu@chromium.org> Stephane Marchesin <stephane.marchesin@gmail.com>

Sven M. Hallberg <pesco@users.sourceforge.net> pesco <pesco>

Tapani Pälli <tapani.palli@intel.com> <tapani.palli@gmail.com>
Tapani Pälli <tapani.palli@intel.com> Tapani <tapani.palli@intel.com>

Thierry Reding <treding@nvidia.com> <thierry@gilfi.de>
Thierry Reding <treding@nvidia.com> <thierry.reding@avionic-design.de>

Thierry Vignaud <thierry.vignaud@gmail.com> <tvignaud@mandriva.com>

Thomas Balling Sørensen <tball@io.dk> <tball@tball-laptop.(none)>

Thomas Hellstrom <thellstrom@vmware.com> Thomas <thellstrom@vmware.com>
Thomas Hellstrom <thellstrom@vmware.com> Thomas Hellstrom <thellstrom-at-vmware-dot-com>
Thomas Hellstrom <thellstrom@vmware.com> Thomas Hellstrom <thomas-at-tungstengraphics-dot-com>
Thomas Hellstrom <thellstrom@vmware.com> Thomas Hellstrom <thomas@tungstengraphics.com>
Thomas Hellstrom <thellstrom@vmware.com> Thomas Hellström <thomas@tungstengraphics.com>

Thomas Tanner <tanner@gmx.net> tanner <tanner>

Tilman Sauerbeck <tilman@code-monkey.de> <tilman@freedesktop.org>

Timothy Arceri <timothy.arceri@collabora.com> <t_arceri@yahoo.com.au>
Timothy Arceri <timothy.arceri@collabora.com> Timothy <t_arceri@yahoo.com.au>

Tom Fogal <tfogal@alumni.unh.edu> <tfogal@sci.utah.edu>

Tom Stellard <thomas.stellard@amd.com> <tstellar@gmail.com>
Tom Stellard <thomas.stellard@amd.com> Thomas Stellard <tom.stellard@amd.com>

Tormod Volden <debian.tormod@gmail.com> <lists.tormod@gmail.com>

Török Edwin <edwin+mesa@etorok.net> Török Edvin <edwintorok@gmail.com>
Török Edwin <edwin+mesa@etorok.net> <edwintorok@gmail.com>

Ville Syrjälä <ville.syrjala@linux.intel.com> Ville Syrjala <syrjala@freedesktop.org>
Ville Syrjälä <ville.syrjala@linux.intel.com> Ville Syrjala <syrjala@sci.fi>

Vincent Lejeune <vljn@ovi.com> <peluche.canard@gmail.com>

Vinson Lee <vlee@freedesktop.org> <vlee@vmware.com>

Zhenyu Wang <zhenyuw@linux.intel.com> Wang Zhenyu <zhenyu.z.wang@intel.com>

Zack Rusin <zackr@vmware.com> <zack@kde.org>
Zack Rusin <zackr@vmware.com> <zack@pixel.(none)>
Zack Rusin <zackr@vmware.com> <zack@tungstengraphics.com>

Zhang <zxpmyth@yahoo.com.cn> zhang <zxpmyth@yahoo.com.cn>
